{
  "preview": [
    {
      "views": [
        {
          "id": "codesandbox.browser"
        },
        {
          "id": "codesandbox.browser",
          "closeable": true,
          "options": {
            "url": "/___graphql",
            "title": "GraphiQL"
          }
        },
        {
          "id": "codesandbox.browser",
          "options": {
            "port": 37737,
            "url": "https://mz986-37737.sse.codesandbox.io"
          },
          "closeable": true
        },
        {
          "id": "codesandbox.browser",
          "options": {
            "port": 46517,
            "url": "https://mz986-46517.sse.codesandbox.io"
          },
          "closeable": true
        },
        {
          "id": "codesandbox.browser",
          "options": {
            "port": 8000,
            "url": "https://mz986-8000.sse.codesandbox.io"
          },
          "closeable": true
        }
      ]
    },
    {
      "open": true,
      "views": [
        {
          "id": "codesandbox.terminal"
        },
        {
          "id": "codesandbox.console"
        },
        {
          "id": "codesandbox.problems"
        }
      ]
    }
  ]
}